{
  "scenario": {
    "stop_mode": "chandelier",
    "atr_period": 20,
    "atr_init_mult": 1.0,
    "tp_r": 1.5,
    "trail_start_r": 0.0,
    "atr_trail_mult": 0.0,
    "chan_lookback": 180,
    "max_hold_bars": null,
    "dynamic_risk": false
  },
  "summary": {
    "trades": 4753,
    "winners": 4375,
    "win_rate": 92.04712812960236,
    "initialBalance": 100000.0,
    "finalEquity": 10949542.02860436,
    "netpnl": 10849542.02860436,
    "netpnl_pct": 10849.542028604359,
    "max_dd_pct": -1.0419721674699784,
    "avgpnl": 2282.672423438749,
    "profit_factor": 174.2444260472478,
    "expectancy": 2282.672423438749,
    "maxWinsStreak": 98,
    "maxLossesStreak": 3,
    "max_streak_loss_cash": -866.4013720531241,
    "max_streak_profit_cash": 315683.9052066058,
    "skipped_min_sl": 0,
    "avg_lots": 1.3085123542783794,
    "p95_lots": 1.8162616514199497,
    "max_lots": 1.9053033951887515,
    "pct_lots_capped": 0.0,
    "pct_notional_capped": 56.28024405638544,
    "avg_notional_usd": 440725.11616526986,
    "p95_notional_usd": 500000.00000000006,
    "max_notional_usd": 500000.00000000006,
    "avg_sl_dist_usd": 3.709976663540148,
    "p10_sl_dist_usd": 1.6935731780158434,
    "min_sl_dist_usd": 0.7814255901689601,
    "avg_R": 5.631820607275369,
    "median_R": 4.5222032236994085,
    "cum_R": 26768.04334637983
  },
  "guards": {
    "MIN_SL_DIST_USD": 0.5,
    "MAX_LOTS_CAP": 50.0,
    "MAX_NOTIONAL_USD": 500000.0,
    "DISABLE_TP": false,
    "N_EXIT_TP": 22
  },
  "chandelier_diag": {
    "ch_nan_count": 5163,
    "ch_invalid_side_count": 0,
    "ch_fallback_used_count": 0,
    "ch_fallback_if_invalid_side": false,
    "skipped_invalid_ch_side": 0,
    "skipped_ch_nan": 0,
    "skip_entry_if_invalid_ch_side": false,
    "allow_atr_fallback_if_ch_nan": false,
    "atr_entry_ch_trail_only": true
  },
  "costs": {
    "USE_SPREAD_COST": true,
    "SPREAD_USD": 0.2,
    "USE_SLIPPAGE": true,
    "SLIPPAGE_ENTRY_ATR_MULT": 0.05,
    "SLIPPAGE_EXIT_ATR_MULT": 0.05,
    "USE_MTM_WORST_DD": true
  },
  "entry_engine": {
    "atr_period": 1,
    "atr_mult": 1.85,
    "use_heikin_ashi": true
  },
  "trading_windows_utc": [],
  "created_utc": "2026-01-13T11:46:15.816269+00:00"
}