{
  "scenario": {
    "stop_mode": "chandelier",
    "atr_period": 20,
    "atr_init_mult": 1.0,
    "tp_r": 1.5,
    "trail_start_r": 0.0,
    "atr_trail_mult": 0.0,
    "chan_lookback": 180,
    "max_hold_bars": null,
    "dynamic_risk": false
  },
  "summary": {
    "trades": 3706,
    "winners": 3555,
    "win_rate": 95.92552617377225,
    "initialBalance": 100000.0,
    "finalEquity": 9384445.545629494,
    "netpnl": 9284445.545629494,
    "netpnl_pct": 9284.445545629495,
    "max_dd_pct": -1.192437969149474,
    "avgpnl": 2505.247044152588,
    "profit_factor": 239.58308278324978,
    "expectancy": 2505.2470441525875,
    "maxWinsStreak": 199,
    "maxLossesStreak": 2,
    "max_streak_loss_cash": -712.6834671915699,
    "max_streak_profit_cash": 507111.2121693598,
    "skipped_min_sl": 1047,
    "avg_lots": 1.2335576186532706,
    "p95_lots": 1.7252388299966173,
    "max_lots": 1.8992498516732377,
    "pct_lots_capped": 0.0,
    "pct_notional_capped": 47.24770642201835,
    "avg_notional_usd": 428756.6768617372,
    "p95_notional_usd": 500000.00000000006,
    "max_notional_usd": 500000.00000000006,
    "avg_sl_dist_usd": 4.156617011701268,
    "p10_sl_dist_usd": 2.2669048352314918,
    "min_sl_dist_usd": 2.000094536109148,
    "avg_R": 5.567213450338652,
    "median_R": 4.580860680435771,
    "cum_R": 20632.093046955044,
    "by_entry_type": {
      "CH_VALID": {
        "trades": 165,
        "win_rate": 26.060606060606062,
        "avg_pnl": -132.9770833505233,
        "cum_pnl": -21941.218752836343,
        "avg_R": -0.2997736432848993,
        "cum_R": -49.46265114200838
      },
      "ATR_FALLBACK": {
        "trades": 3541,
        "win_rate": 99.1810223100819,
        "avg_pnl": 2628.180390958014,
        "cum_pnl": 9306386.764382327,
        "avg_R": 5.840597486048306,
        "cum_R": 20681.555698097054
      }
    }
  },
  "guards": {
    "MIN_SL_DIST_USD": 0.5,
    "MAX_LOTS_CAP": 50.0,
    "MAX_NOTIONAL_USD": 500000.0,
    "DISABLE_TP": false,
    "N_EXIT_TP": 16
  },
  "chandelier_diag": {
    "ch_nan_count": 0,
    "ch_invalid_side_count": 0,
    "ch_fallback_used_count": 0,
    "ch_fallback_if_invalid_side": false,
    "skipped_invalid_ch_side": 0,
    "skipped_ch_nan": 0,
    "skip_entry_if_invalid_ch_side": false,
    "allow_atr_fallback_if_ch_nan": false,
    "atr_entry_ch_trail_only": false,
    "hybrid_enabled": true,
    "hybrid_used_ch_valid": 420,
    "hybrid_used_atr_fallback": 4333,
    "hybrid_seen_invalid_side": 4315,
    "hybrid_seen_nan": 18
  },
  "costs": {
    "USE_SPREAD_COST": true,
    "SPREAD_USD": 0.2,
    "USE_SLIPPAGE": true,
    "SLIPPAGE_ENTRY_ATR_MULT": 0.05,
    "SLIPPAGE_EXIT_ATR_MULT": 0.05,
    "USE_MTM_WORST_DD": true
  },
  "entry_engine": {
    "atr_period": 1,
    "atr_mult": 1.85,
    "use_heikin_ashi": true
  },
  "trading_windows_utc": [],
  "created_utc": "2026-01-13T12:37:49.122573+00:00"
}