{
  "scenario": {
    "stop_mode": "chandelier",
    "atr_period": 20,
    "atr_init_mult": 1.0,
    "tp_r": 1.5,
    "trail_start_r": 0.0,
    "atr_trail_mult": 0.0,
    "chan_lookback": 180,
    "max_hold_bars": null,
    "dynamic_risk": false
  },
  "summary": {
    "trades": 4618,
    "winners": 4349,
    "win_rate": 94.17496751840623,
    "initialBalance": 100000.0,
    "finalEquity": 2061330.4928202531,
    "netpnl": 1961330.4928202531,
    "netpnl_pct": 1961.330492820253,
    "max_dd_pct": -1.0419721674699784,
    "avgpnl": 424.7142686921304,
    "profit_factor": 32.09036239936034,
    "expectancy": 424.7142686921305,
    "maxWinsStreak": 143,
    "maxLossesStreak": 3,
    "max_streak_loss_cash": -866.4013720531241,
    "max_streak_profit_cash": 68125.46900333105,
    "skipped_min_sl": 135,
    "avg_lots": 0.5664849643310889,
    "p95_lots": 1.5666748668701806,
    "max_lots": 1.9053033951887515,
    "pct_lots_capped": 0.0,
    "pct_notional_capped": 15.48289302728454,
    "avg_notional_usd": 190677.35442415404,
    "p95_notional_usd": 500000.0,
    "max_notional_usd": 500000.00000000006,
    "avg_sl_dist_usd": 21.031136999686,
    "p10_sl_dist_usd": 2.1604561922965333,
    "min_sl_dist_usd": 0.5127571981633992,
    "avg_R": 0.8740072394043421,
    "median_R": 0.9847270543845423,
    "cum_R": 4036.1654315692517
  },
  "guards": {
    "MIN_SL_DIST_USD": 0.5,
    "MAX_LOTS_CAP": 50.0,
    "MAX_NOTIONAL_USD": 500000.0,
    "DISABLE_TP": false,
    "N_EXIT_TP": 45
  },
  "costs": {
    "USE_SPREAD_COST": true,
    "SPREAD_USD": 0.2,
    "USE_SLIPPAGE": true,
    "SLIPPAGE_ENTRY_ATR_MULT": 0.05,
    "SLIPPAGE_EXIT_ATR_MULT": 0.05,
    "USE_MTM_WORST_DD": true
  },
  "entry_engine": {
    "atr_period": 1,
    "atr_mult": 1.85,
    "use_heikin_ashi": true
  },
  "trading_windows_utc": [],
  "created_utc": "2026-01-12T18:58:05.145062+00:00"
}