{
  "scenario": {
    "stop_mode": "chandelier",
    "atr_period": 20,
    "atr_init_mult": 1.0,
    "tp_r": 1.5,
    "trail_start_r": 0.0,
    "atr_trail_mult": 0.0,
    "chan_lookback": 180,
    "max_hold_bars": null,
    "dynamic_risk": false
  },
  "summary": {
    "trades": 3059,
    "winners": 2946,
    "win_rate": 96.30598234717228,
    "initialBalance": 100000.0,
    "finalEquity": 8072985.038206022,
    "netpnl": 7972985.038206022,
    "netpnl_pct": 7972.985038206022,
    "max_dd_pct": -0.6069505193180701,
    "avgpnl": 2606.4024315809156,
    "profit_factor": 260.59823272268255,
    "expectancy": 2606.402431580915,
    "maxWinsStreak": 157,
    "maxLossesStreak": 1,
    "max_streak_loss_cash": -554.1309051856971,
    "max_streak_profit_cash": 414687.7205441473,
    "skipped_min_sl": 1694,
    "avg_lots": 1.1626641115081537,
    "p95_lots": 1.639559574903772,
    "max_lots": 1.8837391307776712,
    "pct_lots_capped": 0.0,
    "pct_notional_capped": 36.09022556390977,
    "avg_notional_usd": 413688.21328852506,
    "p95_notional_usd": 500000.0,
    "max_notional_usd": 500000.00000000006,
    "avg_sl_dist_usd": 4.5618419058393505,
    "p10_sl_dist_usd": 2.7268929645931705,
    "min_sl_dist_usd": 2.5002503504501394,
    "avg_R": 5.520418182575709,
    "median_R": 4.505702732965098,
    "cum_R": 16886.95922049909,
    "by_entry_type": {
      "CH_VALID": {
        "trades": 123,
        "win_rate": 24.390243902439025,
        "avg_pnl": -151.66549721375583,
        "cum_pnl": -18654.856157291968,
        "avg_R": -0.32604394789194285,
        "cum_R": -40.103405590708974
      },
      "ATR_FALLBACK": {
        "trades": 2936,
        "win_rate": 99.31880108991825,
        "avg_pnl": 2721.948192903036,
        "cum_pnl": 7991639.894363314,
        "avg_R": 5.765348305888896,
        "cum_R": 16927.0626260898
      }
    }
  },
  "guards": {
    "MIN_SL_DIST_USD": 0.5,
    "MAX_LOTS_CAP": 50.0,
    "MAX_NOTIONAL_USD": 500000.0,
    "DISABLE_TP": false,
    "N_EXIT_TP": 9
  },
  "chandelier_diag": {
    "ch_nan_count": 0,
    "ch_invalid_side_count": 0,
    "ch_fallback_used_count": 0,
    "ch_fallback_if_invalid_side": false,
    "skipped_invalid_ch_side": 0,
    "skipped_ch_nan": 0,
    "skip_entry_if_invalid_ch_side": false,
    "allow_atr_fallback_if_ch_nan": false,
    "atr_entry_ch_trail_only": false,
    "hybrid_enabled": true,
    "hybrid_used_ch_valid": 420,
    "hybrid_used_atr_fallback": 4333,
    "hybrid_seen_invalid_side": 4315,
    "hybrid_seen_nan": 18
  },
  "costs": {
    "USE_SPREAD_COST": true,
    "SPREAD_USD": 0.2,
    "USE_SLIPPAGE": true,
    "SLIPPAGE_ENTRY_ATR_MULT": 0.05,
    "SLIPPAGE_EXIT_ATR_MULT": 0.05,
    "USE_MTM_WORST_DD": true
  },
  "entry_engine": {
    "atr_period": 1,
    "atr_mult": 1.85,
    "use_heikin_ashi": true
  },
  "trading_windows_utc": [],
  "created_utc": "2026-01-13T12:38:50.008071+00:00"
}